"","Code","Sector","SubSector","Date","Weekday","DayofMonth","Month","Year","WeekofYear","DayofYear","Open","High","Low","Close","Volume","Close.Open","Change","High.Low","HMLOL","PriorClose"
"17906","WOW","Retail/Wholesale","Retail",2017-01-09,"Monday",9,"January",2017,2,9,24.3,24.65,24.28,24.39,3430000,0.09,"up",0.37,0.0152389,24.39
"17907","WOW","Retail/Wholesale","Retail",2017-01-10,"Tuesday",10,"January",2017,2,10,24.38,24.45,24.17,24.21,1660000,-0.17,"down",0.28,0.0115846,24.39
"17908","WOW","Retail/Wholesale","Retail",2017-01-11,"Wednesday",11,"January",2017,2,11,24.25,24.54,24.21,24.4,3430000,0.15,"up",0.33,0.0136307,24.21
"17909","WOW","Retail/Wholesale","Retail",2017-01-12,"Thursday",12,"January",2017,2,12,24.46,24.54,24.21,24.27,3240000,-0.19,"down",0.33,0.0136307,24.4
"17910","WOW","Retail/Wholesale","Retail",2017-01-13,"Friday",13,"January",2017,2,13,24.38,24.47,24.12,24.38,2029999,0,"up",0.35,0.0145108,24.27
"17911","WOW","Retail/Wholesale","Retail",2017-01-16,"Monday",16,"January",2017,3,16,24.4,24.65,24.4,24.47,1280000,0.07,"up",0.25,0.0102459,24.38
"17912","WOW","Retail/Wholesale","Retail",2017-01-17,"Tuesday",17,"January",2017,3,17,24.32,24.47,24.27,24.42,1270000,0.1,"up",0.2,0.00824063,24.47
"17913","WOW","Retail/Wholesale","Retail",2017-01-18,"Wednesday",18,"January",2017,3,18,24.2,24.39,24.17,24.3,1960000,0.1,"up",0.22,0.00910219,24.42
"17914","WOW","Retail/Wholesale","Retail",2017-01-19,"Thursday",19,"January",2017,3,19,24.59,24.6,24.32,24.4,2640000,-0.19,"down",0.28,0.0115132,24.3
"17915","WOW","Retail/Wholesale","Retail",2017-01-20,"Friday",20,"January",2017,3,20,24.28,24.45,24.265,24.38,4510000,0.1,"up",0.185,0.00762415,24.4
"17916","WOW","Retail/Wholesale","Retail",2017-01-23,"Monday",23,"January",2017,4,23,24.68,24.75,24.44,24.6,4840000,-0.08,"down",0.31,0.0126841,24.38
"17917","WOW","Retail/Wholesale","Retail",2017-01-24,"Tuesday",24,"January",2017,4,24,24.72,24.83,24.53,24.8,4270000,0.08,"up",0.3,0.0122299,24.6
"17918","WOW","Retail/Wholesale","Retail",2017-01-25,"Wednesday",25,"January",2017,4,25,24.9,24.97,24.63,24.65,3820000,-0.25,"down",0.34,0.0138043,24.8
"17919","WOW","Retail/Wholesale","Retail",2017-01-27,"Friday",27,"January",2017,4,27,24.95,25.3,24.85,25.16,4500000,0.21,"up",0.45,0.0181087,24.65
"17920","WOW","Retail/Wholesale","Retail",2017-01-30,"Monday",30,"January",2017,5,30,24.97,25.08,24.88,24.91,2810000,-0.06,"down",0.2,0.00803859,25.16
"17921","WOW","Retail/Wholesale","Retail",2017-01-31,"Tuesday",31,"January",2017,5,31,24.85,24.85,24.48,24.6,4210000,-0.25,"down",0.37,0.0151144,24.91
"17922","WOW","Retail/Wholesale","Retail",2017-02-01,"Wednesday",1,"February",2017,5,32,25,25.15,24.93,25.09,8440000,0.09,"up",0.22,0.00882471,24.6
"17923","WOW","Retail/Wholesale","Retail",2017-02-02,"Thursday",2,"February",2017,5,33,25.35,25.4,25.1,25.29,7280000,-0.06,"down",0.3,0.0119522,25.09
"17924","WOW","Retail/Wholesale","Retail",2017-02-03,"Friday",3,"February",2017,5,34,25.4,25.6,25.33,25.39,3230000,-0.01,"down",0.27,0.0106593,25.29
"17925","WOW","Retail/Wholesale","Retail",2017-02-06,"Monday",6,"February",2017,6,37,25.5,25.57,25.265,25.36,1940000,-0.14,"down",0.305,0.012072,25.39
"17926","WOW","Retail/Wholesale","Retail",2017-02-07,"Tuesday",7,"February",2017,6,38,25.35,25.41,25.27,25.35,3430000,0,"up",0.14,0.00554017,25.36
"17927","WOW","Retail/Wholesale","Retail",2017-02-08,"Wednesday",8,"February",2017,6,39,25.39,25.44,25.27,25.36,5800000,-0.03,"down",0.17,0.00672734,25.35
"17928","WOW","Retail/Wholesale","Retail",2017-02-09,"Thursday",9,"February",2017,6,40,25.38,25.38,25.11,25.25,2970000,-0.13,"down",0.27,0.0107527,25.36
"17929","WOW","Retail/Wholesale","Retail",2017-02-10,"Friday",10,"February",2017,6,41,25.25,25.465,25.15,25.33,4680000,0.08,"up",0.315,0.0125249,25.25
"17930","WOW","Retail/Wholesale","Retail",2017-02-13,"Monday",13,"February",2017,7,44,25.25,25.53,25.25,25.5,2130000,0.25,"up",0.28,0.0110891,25.33
"17931","WOW","Retail/Wholesale","Retail",2017-02-14,"Tuesday",14,"February",2017,7,45,25.6,25.75,25.49,25.52,2290000,-0.08,"down",0.26,0.0102001,25.5
"17932","WOW","Retail/Wholesale","Retail",2017-02-15,"Wednesday",15,"February",2017,7,46,25.55,25.615,25.29,25.36,3450000,-0.19,"down",0.325,0.0128509,25.52
"17933","WOW","Retail/Wholesale","Retail",2017-02-16,"Thursday",16,"February",2017,7,47,25.3,25.39,24.84,25.36,5100000,0.06,"up",0.55,0.0221417,25.36
"17934","WOW","Retail/Wholesale","Retail",2017-02-17,"Friday",17,"February",2017,7,48,25.3,25.5,25.24,25.49,3260000,0.19,"up",0.26,0.0103011,25.36
"17935","WOW","Retail/Wholesale","Retail",2017-02-20,"Monday",20,"February",2017,8,51,25.61,25.69,25.4,25.5,2660000,-0.11,"down",0.29,0.0114173,25.49
"17936","WOW","Retail/Wholesale","Retail",2017-02-21,"Tuesday",21,"February",2017,8,52,25.58,25.695,25.425,25.5,2890000,-0.08,"down",0.27,0.0106195,25.5
"17937","WOW","Retail/Wholesale","Retail",2017-02-22,"Wednesday",22,"February",2017,8,53,25.92,26.72,25.67,26.63,9920000,0.71,"up",1.05,0.0409038,25.5
"17938","WOW","Retail/Wholesale","Retail",2017-02-23,"Thursday",23,"February",2017,8,54,26.5,26.75,26.06,26.5,5690000,0,"up",0.69,0.0264774,26.63
"17939","WOW","Retail/Wholesale","Retail",2017-02-24,"Friday",24,"February",2017,8,55,26.55,26.68,26.5,26.5,5290000,-0.05,"down",0.18,0.00679245,26.5
"17940","WOW","Retail/Wholesale","Retail",2017-02-27,"Monday",27,"February",2017,9,58,26.43,26.45,26.17,26.19,3300000,-0.24,"down",0.28,0.0106993,26.5
"17941","WOW","Retail/Wholesale","Retail",2017-02-28,"Tuesday",28,"February",2017,9,59,26.08,26.15,25.76,25.76,6730000,-0.32,"down",0.39,0.0151398,26.19
"17942","WOW","Retail/Wholesale","Retail",2017-03-01,"Wednesday",1,"March",2017,9,60,25.69,25.82,25.39,25.51,4890000,-0.18,"down",0.43,0.0169358,25.76
"17943","WOW","Retail/Wholesale","Retail",2017-03-02,"Thursday",2,"March",2017,9,61,25.16,25.52,25.15,25.47,4510000,0.31,"up",0.37,0.0147117,25.51
"17944","WOW","Retail/Wholesale","Retail",2017-03-03,"Friday",3,"March",2017,9,62,25.4,25.44,25.24,25.41,1890000,0.01,"up",0.2,0.00792393,25.47
"17945","WOW","Retail/Wholesale","Retail",2017-03-06,"Monday",6,"March",2017,10,65,25.39,25.72,25.24,25.7,1940000,0.31,"up",0.48,0.0190174,25.41
"17946","WOW","Retail/Wholesale","Retail",2017-03-07,"Tuesday",7,"March",2017,10,66,25.85,26.18,25.71,26.1,3370000,0.25,"up",0.47,0.0182808,25.7
"17947","WOW","Retail/Wholesale","Retail",2017-03-08,"Wednesday",8,"March",2017,10,67,25.99,26.16,25.9,26.06,3390000,0.07,"up",0.26,0.0100386,26.1
"17948","WOW","Retail/Wholesale","Retail",2017-03-09,"Thursday",9,"March",2017,10,68,26,26.11,25.96,26.07,2170000,0.07,"up",0.15,0.00577812,26.06
"17949","WOW","Retail/Wholesale","Retail",2017-03-10,"Friday",10,"March",2017,10,69,26.18,26.48,26.1,26.42,2220000,0.24,"up",0.38,0.0145594,26.07
"17950","WOW","Retail/Wholesale","Retail",2017-03-13,"Monday",13,"March",2017,11,72,26.45,26.46,26.25,26.37,1820000,-0.08,"down",0.21,0.008,26.42
"17951","WOW","Retail/Wholesale","Retail",2017-03-14,"Tuesday",14,"March",2017,11,73,26.33,26.45,26.22,26.33,2120000,0,"up",0.23,0.00877193,26.37
"17952","WOW","Retail/Wholesale","Retail",2017-03-15,"Wednesday",15,"March",2017,11,74,26.21,26.4,26.13,26.35,2300000,0.14,"up",0.27,0.010333,26.33
"17953","WOW","Retail/Wholesale","Retail",2017-03-16,"Thursday",16,"March",2017,11,75,25.85,26.23,25.85,26.13,4360000,0.28,"up",0.38,0.0147002,26.35
"17954","WOW","Retail/Wholesale","Retail",2017-03-17,"Friday",17,"March",2017,11,76,26.22,26.24,25.87,25.87,3020000,-0.35,"down",0.37,0.0143023,26.13
"17955","WOW","Retail/Wholesale","Retail",2017-03-20,"Monday",20,"March",2017,12,79,25.75,25.92,25.71,25.84,1160000,0.09,"up",0.21,0.00816803,25.87
"17956","WOW","Retail/Wholesale","Retail",2017-03-21,"Tuesday",21,"March",2017,12,80,25.75,25.84,25.6,25.82,1950000,0.07,"up",0.24,0.009375,25.84
"17957","WOW","Retail/Wholesale","Retail",2017-03-22,"Wednesday",22,"March",2017,12,81,25.7,25.74,25.4,25.43,2890000,-0.27,"down",0.34,0.0133858,25.82
"17958","WOW","Retail/Wholesale","Retail",2017-03-23,"Thursday",23,"March",2017,12,82,25.34,25.79,25.26,25.61,3470000,0.27,"up",0.53,0.0209818,25.43
"17959","WOW","Retail/Wholesale","Retail",2017-03-24,"Friday",24,"March",2017,12,83,25.68,26.05,25.66,25.94,2060000,0.26,"up",0.39,0.0151988,25.61
"17960","WOW","Retail/Wholesale","Retail",2017-03-27,"Monday",27,"March",2017,13,86,25.75,25.97,25.65,25.94,1950000,0.19,"up",0.32,0.0124756,25.94
"17961","WOW","Retail/Wholesale","Retail",2017-03-28,"Tuesday",28,"March",2017,13,87,25.97,26.26,25.94,26.25,3210000,0.28,"up",0.32,0.0123362,25.94
"17962","WOW","Retail/Wholesale","Retail",2017-03-29,"Wednesday",29,"March",2017,13,88,26.21,26.43,26.09,26.35,3420000,0.14,"up",0.34,0.0130318,26.25
"17963","WOW","Retail/Wholesale","Retail",2017-03-30,"Thursday",30,"March",2017,13,89,26.45,26.72,26.32,26.7,2730000,0.25,"up",0.4,0.0151976,26.35
"17964","WOW","Retail/Wholesale","Retail",2017-03-31,"Friday",31,"March",2017,13,90,26.52,26.64,26.5,26.5,3610000,-0.02,"down",0.14,0.00528302,26.7
"17965","WOW","Retail/Wholesale","Retail",2017-04-03,"Monday",3,"April",2017,14,93,26.55,26.69,26.4,26.67,1470000,0.12,"up",0.29,0.0109848,26.5
"17966","WOW","Retail/Wholesale","Retail",2017-04-04,"Tuesday",4,"April",2017,14,94,26.6,26.73,26.43,26.73,1750000,0.13,"up",0.3,0.0113507,26.67
"17967","WOW","Retail/Wholesale","Retail",2017-04-05,"Wednesday",5,"April",2017,14,95,26.82,26.98,26.59,26.77,4790000,-0.05,"down",0.39,0.0146672,26.73
"17968","WOW","Retail/Wholesale","Retail",2017-04-06,"Thursday",6,"April",2017,14,96,26.6,26.68,26.49,26.57,1600000,-0.03,"down",0.19,0.00717252,26.77
"17969","WOW","Retail/Wholesale","Retail",2017-04-07,"Friday",7,"April",2017,14,97,26.57,26.7,26.3,26.52,1620000,-0.05,"down",0.4,0.0152091,26.57
"17970","WOW","Retail/Wholesale","Retail",2017-04-10,"Monday",10,"April",2017,15,100,26.7,26.73,26.51,26.58,1780000,-0.12,"down",0.22,0.00829876,26.52
"17971","WOW","Retail/Wholesale","Retail",2017-04-11,"Tuesday",11,"April",2017,15,101,26.4,26.73,26.33,26.4,1950000,0,"up",0.4,0.0151918,26.58
"17972","WOW","Retail/Wholesale","Retail",2017-04-12,"Wednesday",12,"April",2017,15,102,26.4,26.63,26.32,26.58,2330000,0.18,"up",0.31,0.0117781,26.4
"17973","WOW","Retail/Wholesale","Retail",2017-04-13,"Thursday",13,"April",2017,15,103,26.58,26.69,26.45,26.47,1740000,-0.11,"down",0.24,0.00907372,26.58
"17974","WOW","Retail/Wholesale","Retail",2017-04-18,"Tuesday",18,"April",2017,16,108,26.35,26.5,26.21,26.36,4530000,0.01,"up",0.29,0.0110645,26.47
"17975","WOW","Retail/Wholesale","Retail",2017-04-19,"Wednesday",19,"April",2017,16,109,26.23,26.47,26.15,26.18,2049999,-0.05,"down",0.32,0.0122371,26.36
"17976","WOW","Retail/Wholesale","Retail",2017-04-20,"Thursday",20,"April",2017,16,110,26.33,26.44,26.12,26.28,1870000,-0.05,"down",0.32,0.0122511,26.18
"17977","WOW","Retail/Wholesale","Retail",2017-04-21,"Friday",21,"April",2017,16,111,26.28,26.53,26.08,26.51,2049999,0.23,"up",0.45,0.0172546,26.28
"17978","WOW","Retail/Wholesale","Retail",2017-04-24,"Monday",24,"April",2017,17,114,26.5,26.705,26.42,26.67,1880000,0.17,"up",0.285,0.0107873,26.51
"17979","WOW","Retail/Wholesale","Retail",2017-04-26,"Wednesday",26,"April",2017,17,116,26.77,27,26.76,26.98,3060000,0.21,"up",0.24,0.00896861,26.67
"17980","WOW","Retail/Wholesale","Retail",2017-04-27,"Thursday",27,"April",2017,17,117,26.98,27,26.8,26.98,2460000,0,"up",0.2,0.00746269,26.98
"17981","WOW","Retail/Wholesale","Retail",2017-04-28,"Friday",28,"April",2017,17,118,26.95,26.96,26.78,26.88,3140000,-0.07,"down",0.18,0.00672143,26.98
"17982","WOW","Retail/Wholesale","Retail",2017-05-01,"Monday",1,"May",2017,18,121,26.88,27.06,26.79,27.03,3670000,0.15,"up",0.27,0.0100784,26.88
"17983","WOW","Retail/Wholesale","Retail",2017-05-02,"Tuesday",2,"May",2017,18,122,27.31,27.715,27.18,27.35,5280000,0.04,"up",0.535,0.0196836,27.03
"17984","WOW","Retail/Wholesale","Retail",2017-05-03,"Wednesday",3,"May",2017,18,123,27.25,27.3,26.58,26.61,3370000,-0.64,"down",0.72,0.027088,27.35
"17985","WOW","Retail/Wholesale","Retail",2017-05-04,"Thursday",4,"May",2017,18,124,26.54,26.79,26.36,26.68,3180000,0.14,"up",0.43,0.0163126,26.61
"17986","WOW","Retail/Wholesale","Retail",2017-05-05,"Friday",5,"May",2017,18,125,26.4,26.41,26.16,26.25,2800000,-0.15,"down",0.25,0.00955657,26.68
"17987","WOW","Retail/Wholesale","Retail",2017-05-08,"Monday",8,"May",2017,19,128,26.47,26.68,26.38,26.57,3000000,0.1,"up",0.3,0.0113723,26.25
"17988","WOW","Retail/Wholesale","Retail",2017-05-09,"Tuesday",9,"May",2017,19,129,26.63,26.71,26.52,26.62,3780000,-0.01,"down",0.19,0.0071644,26.57
"17989","WOW","Retail/Wholesale","Retail",2017-05-10,"Wednesday",10,"May",2017,19,130,26.73,26.95,26.63,26.8,3570000,0.07,"up",0.32,0.0120165,26.62
"17990","WOW","Retail/Wholesale","Retail",2017-05-11,"Thursday",11,"May",2017,19,131,26.97,27.27,26.895,27.11,2960000,0.14,"up",0.375,0.0139431,26.8
"17991","WOW","Retail/Wholesale","Retail",2017-05-12,"Friday",12,"May",2017,19,132,27,27.15,26.84,26.94,1880000,-0.06,"down",0.31,0.0115499,27.11
"17992","WOW","Retail/Wholesale","Retail",2017-05-15,"Monday",15,"May",2017,20,135,26.73,26.93,26.645,26.79,2250000,0.06,"up",0.285,0.0106962,26.94
"17993","WOW","Retail/Wholesale","Retail",2017-05-16,"Tuesday",16,"May",2017,20,136,26.99,27,26.75,26.78,1810000,-0.21,"down",0.25,0.00934579,26.79
"17994","WOW","Retail/Wholesale","Retail",2017-05-17,"Wednesday",17,"May",2017,20,137,26.55,26.77,26.24,26.24,2380000,-0.31,"down",0.53,0.0201982,26.78
"17995","WOW","Retail/Wholesale","Retail",2017-05-18,"Thursday",18,"May",2017,20,138,25.98,26.14,25.8,26.14,4360000,0.16,"up",0.34,0.0131783,26.24
"17996","WOW","Retail/Wholesale","Retail",2017-05-19,"Friday",19,"May",2017,20,139,25.98,26.11,25.77,25.85,2280000,-0.13,"down",0.34,0.0131936,26.14
"17997","WOW","Retail/Wholesale","Retail",2017-05-22,"Monday",22,"May",2017,21,142,25.88,26.04,25.85,25.9,1520000,0.02,"up",0.19,0.0073501,25.85
"17998","WOW","Retail/Wholesale","Retail",2017-05-23,"Tuesday",23,"May",2017,21,143,25.95,26.01,25.9,25.94,1760000,-0.01,"down",0.11,0.0042471,25.9
"17999","WOW","Retail/Wholesale","Retail",2017-05-24,"Wednesday",24,"May",2017,21,144,26,26.3,25.9,26.25,2230000,0.25,"up",0.4,0.015444,25.94
"18000","WOW","Retail/Wholesale","Retail",2017-05-25,"Thursday",25,"May",2017,21,145,26.2,26.24,26,26.1,1830000,-0.1,"down",0.24,0.00923077,26.25
"18001","WOW","Retail/Wholesale","Retail",2017-05-26,"Friday",26,"May",2017,21,146,26.1,26.16,25.92,26.05,2730000,-0.05,"down",0.24,0.00925926,26.1
"18002","WOW","Retail/Wholesale","Retail",2017-05-29,"Monday",29,"May",2017,22,149,25.86,26.18,25.86,25.88,1720000,0.02,"up",0.32,0.0123743,26.05
"18003","WOW","Retail/Wholesale","Retail",2017-05-30,"Tuesday",30,"May",2017,22,150,25.8,25.91,25.68,25.86,1270000,0.06,"up",0.23,0.00895639,25.88
"18004","WOW","Retail/Wholesale","Retail",2017-05-31,"Wednesday",31,"May",2017,22,151,25.83,26.05,25.78,26.05,3000000,0.22,"up",0.27,0.0104732,25.86
"18005","WOW","Retail/Wholesale","Retail",2017-06-01,"Thursday",1,"June",2017,22,152,26.01,26.16,25.74,26.13,2210000,0.12,"up",0.42,0.016317,26.05
"18006","WOW","Retail/Wholesale","Retail",2017-06-02,"Friday",2,"June",2017,22,153,26.29,26.56,26.23,26.53,2290000,0.24,"up",0.33,0.012581,26.13
"18007","WOW","Retail/Wholesale","Retail",2017-06-05,"Monday",5,"June",2017,23,156,26.27,26.53,26.19,26.53,2040000,0.26,"up",0.34,0.0129821,26.53
"18008","WOW","Retail/Wholesale","Retail",2017-06-06,"Tuesday",6,"June",2017,23,157,26.5,26.5,26.09,26.12,1520000,-0.38,"down",0.41,0.0157148,26.53
"18009","WOW","Retail/Wholesale","Retail",2017-06-07,"Wednesday",7,"June",2017,23,158,26.01,26.14,25.87,25.94,4380000,-0.07,"down",0.27,0.0104368,26.12
"18010","WOW","Retail/Wholesale","Retail",2017-06-08,"Thursday",8,"June",2017,23,159,25.82,26.07,25.72,26.07,4040000,0.25,"up",0.35,0.0136081,25.94
"18011","WOW","Retail/Wholesale","Retail",2017-06-09,"Friday",9,"June",2017,23,160,25.88,25.99,25.79,25.95,1830000,0.07,"up",0.2,0.00775494,26.07
"18012","WOW","Retail/Wholesale","Retail",2017-06-13,"Tuesday",13,"June",2017,24,164,25.95,26.09,25.73,26.08,3940000,0.13,"up",0.36,0.0139914,25.95
"18013","WOW","Retail/Wholesale","Retail",2017-06-14,"Wednesday",14,"June",2017,24,165,26.1,26.29,25.99,26.29,5610000,0.19,"up",0.3,0.0115429,26.08
"18014","WOW","Retail/Wholesale","Retail",2017-06-15,"Thursday",15,"June",2017,24,166,26.28,26.32,26.03,26.19,7220000,-0.09,"down",0.29,0.011141,26.29
"18015","WOW","Retail/Wholesale","Retail",2017-06-16,"Friday",16,"June",2017,24,167,26.22,26.44,26.2,26.25,3760000,0.03,"up",0.24,0.00916031,26.19
"18016","WOW","Retail/Wholesale","Retail",2017-06-19,"Monday",19,"June",2017,25,170,25.65,25.75,25.195,25.33,6910000,-0.32,"down",0.555,0.0220282,26.25
"18017","WOW","Retail/Wholesale","Retail",2017-06-20,"Tuesday",20,"June",2017,25,171,25.2,25.435,25.11,25.15,6880000,-0.05,"down",0.325,0.0129431,25.33
"18018","WOW","Retail/Wholesale","Retail",2017-06-21,"Wednesday",21,"June",2017,25,172,25,25.25,24.87,25.1,3550000,0.1,"up",0.38,0.0152795,25.15
"18019","WOW","Retail/Wholesale","Retail",2017-06-22,"Thursday",22,"June",2017,25,173,25.1,25.4,25.05,25.23,3350000,0.13,"up",0.35,0.0139721,25.1
"18020","WOW","Retail/Wholesale","Retail",2017-06-23,"Friday",23,"June",2017,25,174,25.24,25.4,25.22,25.36,2620000,0.12,"up",0.18,0.00713719,25.23
"18021","WOW","Retail/Wholesale","Retail",2017-06-26,"Monday",26,"June",2017,26,177,25.44,25.68,25.4,25.59,4220000,0.15,"up",0.28,0.0110236,25.36
"18022","WOW","Retail/Wholesale","Retail",2017-06-27,"Tuesday",27,"June",2017,26,178,25.55,25.6,25.4,25.57,3370000,0.02,"up",0.2,0.00787402,25.59
"18023","WOW","Retail/Wholesale","Retail",2017-06-28,"Wednesday",28,"June",2017,26,179,25.58,25.695,25.44,25.67,2490000,0.09,"up",0.255,0.0100236,25.57
"18024","WOW","Retail/Wholesale","Retail",2017-06-29,"Thursday",29,"June",2017,26,180,25.8,25.96,25.76,25.84,4460000,0.04,"up",0.2,0.00776398,25.67
"18025","WOW","Retail/Wholesale","Retail",2017-06-30,"Friday",30,"June",2017,26,181,25.4,25.63,25.3,25.54,5810000,0.14,"up",0.33,0.0130435,25.84
"18026","WOW","Retail/Wholesale","Retail",2017-07-03,"Monday",3,"July",2017,27,184,25.37,25.435,25.17,25.22,2440000,-0.15,"down",0.265,0.0105284,25.54
"18027","WOW","Retail/Wholesale","Retail",2017-07-04,"Tuesday",4,"July",2017,27,185,25.48,25.745,25.38,25.69,2310000,0.21,"up",0.365,0.0143814,25.22
"18028","WOW","Retail/Wholesale","Retail",2017-07-05,"Wednesday",5,"July",2017,27,186,25.64,25.77,25.52,25.62,1860000,-0.02,"down",0.25,0.00979624,25.69
"18029","WOW","Retail/Wholesale","Retail",2017-07-06,"Thursday",6,"July",2017,27,187,25.39,25.57,25.26,25.55,2570000,0.16,"up",0.31,0.0122724,25.62
"18030","WOW","Retail/Wholesale","Retail",2017-07-07,"Friday",7,"July",2017,27,188,25.35,25.59,25.33,25.5,2310000,0.15,"up",0.26,0.0102645,25.55
"18031","WOW","Retail/Wholesale","Retail",2017-07-10,"Monday",10,"July",2017,28,191,25.67,25.85,25.63,25.77,2230000,0.1,"up",0.22,0.00858369,25.5
"18032","WOW","Retail/Wholesale","Retail",2017-07-11,"Tuesday",11,"July",2017,28,192,25.72,25.96,25.58,25.75,1860000,0.03,"up",0.38,0.0148554,25.77
"18033","WOW","Retail/Wholesale","Retail",2017-07-12,"Wednesday",12,"July",2017,28,193,25.64,25.775,25.53,25.68,1980000,0.04,"up",0.245,0.00959655,25.75
"18034","WOW","Retail/Wholesale","Retail",2017-07-13,"Thursday",13,"July",2017,28,194,25.8,26,25.76,26,2430000,0.2,"up",0.24,0.00931677,25.68
"18035","WOW","Retail/Wholesale","Retail",2017-07-14,"Friday",14,"July",2017,28,195,26,26.4,25.98,26.37,2650000,0.37,"up",0.42,0.0161663,26
"18036","WOW","Retail/Wholesale","Retail",2017-07-17,"Monday",17,"July",2017,29,198,26.25,26.6,26.21,26.46,2160000,0.21,"up",0.39,0.0148798,26.37
"18037","WOW","Retail/Wholesale","Retail",2017-07-18,"Tuesday",18,"July",2017,29,199,26.39,26.45,26.15,26.25,3120000,-0.14,"down",0.3,0.0114723,26.46
"18038","WOW","Retail/Wholesale","Retail",2017-07-19,"Wednesday",19,"July",2017,29,200,26.35,26.45,26.2,26.25,1850000,-0.1,"down",0.25,0.00954198,26.25
"18039","WOW","Retail/Wholesale","Retail",2017-07-20,"Thursday",20,"July",2017,29,201,26.28,26.55,26.24,26.47,2009999,0.19,"up",0.31,0.011814,26.25
"18040","WOW","Retail/Wholesale","Retail",2017-07-21,"Friday",21,"July",2017,29,202,26.29,26.47,26.18,26.3,1720000,0.01,"up",0.29,0.0110772,26.47
"18041","WOW","Retail/Wholesale","Retail",2017-07-24,"Monday",24,"July",2017,30,205,26.16,26.25,26.03,26.25,2040000,0.09,"up",0.22,0.00845179,26.3
"18042","WOW","Retail/Wholesale","Retail",2017-07-25,"Tuesday",25,"July",2017,30,206,26.3,26.415,26.3,26.36,1790000,0.06,"up",0.115,0.00437262,26.25
"18043","WOW","Retail/Wholesale","Retail",2017-07-26,"Wednesday",26,"July",2017,30,207,26.59,26.69,26.46,26.56,3040000,-0.03,"down",0.23,0.00869237,26.36
"18044","WOW","Retail/Wholesale","Retail",2017-07-27,"Thursday",27,"July",2017,30,208,26.64,26.88,26.56,26.73,1680000,0.09,"up",0.32,0.0120482,26.56
"18045","WOW","Retail/Wholesale","Retail",2017-07-28,"Friday",28,"July",2017,30,209,26.5,26.64,26.32,26.51,2920000,0.01,"up",0.32,0.0121581,26.73
"18046","WOW","Retail/Wholesale","Retail",2017-07-31,"Monday",31,"July",2017,31,212,26.47,26.72,26.38,26.7,2580000,0.23,"up",0.34,0.0128886,26.51
"18047","WOW","Retail/Wholesale","Retail",2017-08-01,"Tuesday",1,"August",2017,31,213,26.7,27.03,26.65,27.03,2850000,0.33,"up",0.38,0.0142589,26.7
"18048","WOW","Retail/Wholesale","Retail",2017-08-02,"Wednesday",2,"August",2017,31,214,27,27.03,26.85,26.95,1800000,-0.05,"down",0.18,0.00670391,27.03
"18049","WOW","Retail/Wholesale","Retail",2017-08-03,"Thursday",3,"August",2017,31,215,26.79,26.97,26.75,26.97,1400000,0.18,"up",0.22,0.0082243,26.95
"18050","WOW","Retail/Wholesale","Retail",2017-08-04,"Friday",4,"August",2017,31,216,26.92,27.05,26.835,27,3590000,0.08,"up",0.215,0.00801192,26.97
"18051","WOW","Retail/Wholesale","Retail",2017-08-07,"Monday",7,"August",2017,32,219,27.03,27.04,26.705,26.9,1600000,-0.13,"down",0.335,0.0125445,27
"18052","WOW","Retail/Wholesale","Retail",2017-08-08,"Tuesday",8,"August",2017,32,220,26.94,27,26.55,26.94,2150000,0,"up",0.45,0.0169492,26.9
"18053","WOW","Retail/Wholesale","Retail",2017-08-09,"Wednesday",9,"August",2017,32,221,26.95,27.1,26.81,26.97,2570000,0.02,"up",0.29,0.0108169,26.94
"18054","WOW","Retail/Wholesale","Retail",2017-08-10,"Thursday",10,"August",2017,32,222,27,27.07,26.66,26.75,2350000,-0.25,"down",0.41,0.0153788,26.97
"18055","WOW","Retail/Wholesale","Retail",2017-08-11,"Friday",11,"August",2017,32,223,26.52,26.935,26.455,26.87,2400000,0.35,"up",0.48,0.018144,26.75
"18056","WOW","Retail/Wholesale","Retail",2017-08-14,"Monday",14,"August",2017,33,226,26.83,26.98,26.81,26.9,1040000,0.07,"up",0.17,0.00634092,26.87
"18057","WOW","Retail/Wholesale","Retail",2017-08-15,"Tuesday",15,"August",2017,33,227,27,27.11,26.97,27.09,2240000,0.09,"up",0.14,0.00519095,26.9
"18058","WOW","Retail/Wholesale","Retail",2017-08-16,"Wednesday",16,"August",2017,33,228,27.17,27.21,27.05,27.14,2240000,-0.03,"down",0.16,0.00591497,27.09
"18059","WOW","Retail/Wholesale","Retail",2017-08-17,"Thursday",17,"August",2017,33,229,27.14,27.29,26.84,26.97,2460000,-0.17,"down",0.45,0.016766,27.14
"18060","WOW","Retail/Wholesale","Retail",2017-08-18,"Friday",18,"August",2017,33,230,26.7,27.2,26.68,27.02,2060000,0.32,"up",0.52,0.0194903,26.97
"18061","WOW","Retail/Wholesale","Retail",2017-08-21,"Monday",21,"August",2017,34,233,26.95,27,26.8,26.93,1510000,-0.02,"down",0.2,0.00746269,27.02
"18062","WOW","Retail/Wholesale","Retail",2017-08-22,"Tuesday",22,"August",2017,34,234,26.99,27.17,26.89,27.06,1610000,0.07,"up",0.28,0.0104128,26.93
"18063","WOW","Retail/Wholesale","Retail",2017-08-23,"Wednesday",23,"August",2017,34,235,27.5,27.75,26.75,26.94,5920000,-0.56,"down",1,0.0373832,27.06
"18064","WOW","Retail/Wholesale","Retail",2017-08-24,"Thursday",24,"August",2017,34,236,26.6,26.8,25.88,26.02,8930000,-0.58,"down",0.92,0.0355487,26.94
"18065","WOW","Retail/Wholesale","Retail",2017-08-25,"Friday",25,"August",2017,34,237,25.98,26.12,25.86,26.08,5010000,0.1,"up",0.26,0.0100541,26.02
"18066","WOW","Retail/Wholesale","Retail",2017-08-28,"Monday",28,"August",2017,35,240,25.99,26.06,25.705,25.84,2790000,-0.15,"down",0.355,0.0138105,26.08
"18067","WOW","Retail/Wholesale","Retail",2017-08-29,"Tuesday",29,"August",2017,35,241,25.72,25.85,25.41,25.56,3560000,-0.16,"down",0.44,0.017316,25.84
"18068","WOW","Retail/Wholesale","Retail",2017-08-30,"Wednesday",30,"August",2017,35,242,25.71,25.85,25.57,25.62,2930000,-0.09,"down",0.28,0.0109503,25.56
"18069","WOW","Retail/Wholesale","Retail",2017-08-31,"Thursday",31,"August",2017,35,243,25.72,26,25.59,26,4340000,0.28,"up",0.41,0.0160219,25.62
"18070","WOW","Retail/Wholesale","Retail",2017-09-01,"Friday",1,"September",2017,35,244,26,26.02,25.72,25.79,1200000,-0.21,"down",0.3,0.0116641,26
"18071","WOW","Retail/Wholesale","Retail",2017-09-04,"Monday",4,"September",2017,36,247,25.7,25.77,25.53,25.74,1400000,0.04,"up",0.24,0.00940071,25.79
"18072","WOW","Retail/Wholesale","Retail",2017-09-05,"Tuesday",5,"September",2017,36,248,25.66,25.86,25.55,25.85,1470000,0.19,"up",0.31,0.0121331,25.74
"18073","WOW","Retail/Wholesale","Retail",2017-09-06,"Wednesday",6,"September",2017,36,249,25.82,25.85,25.71,25.76,2049999,-0.06,"down",0.14,0.00544535,25.85
"18074","WOW","Retail/Wholesale","Retail",2017-09-07,"Thursday",7,"September",2017,36,250,25.45,25.65,25.23,25.3,3640000,-0.15,"down",0.42,0.0166468,25.76
"18075","WOW","Retail/Wholesale","Retail",2017-09-08,"Friday",8,"September",2017,36,251,25.38,25.41,25.26,25.33,1510000,-0.05,"down",0.15,0.00593824,25.3
"18076","WOW","Retail/Wholesale","Retail",2017-09-11,"Monday",11,"September",2017,37,254,25.34,25.44,25.26,25.36,3020000,0.02,"up",0.18,0.00712589,25.33
"18077","WOW","Retail/Wholesale","Retail",2017-09-12,"Tuesday",12,"September",2017,37,255,25.38,25.38,25.09,25.21,2700000,-0.17,"down",0.29,0.0115584,25.36
"18078","WOW","Retail/Wholesale","Retail",2017-09-13,"Wednesday",13,"September",2017,37,256,25.3,25.54,25.23,25.42,2710000,0.12,"up",0.31,0.012287,25.21
"18079","WOW","Retail/Wholesale","Retail",2017-09-14,"Thursday",14,"September",2017,37,257,25.35,25.52,25.2,25.39,2120000,0.04,"up",0.32,0.0126984,25.42
"18080","WOW","Retail/Wholesale","Retail",2017-09-15,"Friday",15,"September",2017,37,258,25.49,25.49,25.24,25.39,3630000,-0.1,"down",0.25,0.00990491,25.39
"18081","WOW","Retail/Wholesale","Retail",2017-09-18,"Monday",18,"September",2017,38,261,25.49,25.55,25.235,25.29,1580000,-0.2,"down",0.315,0.0124827,25.39
"18082","WOW","Retail/Wholesale","Retail",2017-09-19,"Tuesday",19,"September",2017,38,262,25.35,25.385,25.09,25.18,1760000,-0.17,"down",0.295,0.0117577,25.29
"18083","WOW","Retail/Wholesale","Retail",2017-09-20,"Wednesday",20,"September",2017,38,263,25.01,25.35,25.01,25.28,1380000,0.27,"up",0.34,0.0135946,25.18
"18084","WOW","Retail/Wholesale","Retail",2017-09-21,"Thursday",21,"September",2017,38,264,25,25.34,25,25.3,2730000,0.3,"up",0.34,0.0136,25.28
"18085","WOW","Retail/Wholesale","Retail",2017-09-22,"Friday",22,"September",2017,38,265,25.3,25.39,25.09,25.35,2110000,0.05,"up",0.3,0.011957,25.3
"18086","WOW","Retail/Wholesale","Retail",2017-09-25,"Monday",25,"September",2017,39,268,25.31,25.32,25.08,25.19,3990000,-0.12,"down",0.24,0.00956938,25.35
"18087","WOW","Retail/Wholesale","Retail",2017-09-26,"Tuesday",26,"September",2017,39,269,25.2,25.3,25.01,25.3,3950000,0.1,"up",0.29,0.0115954,25.19
"18088","WOW","Retail/Wholesale","Retail",2017-09-27,"Wednesday",27,"September",2017,39,270,25.36,25.47,25.14,25.23,2300000,-0.13,"down",0.33,0.0131265,25.3
"18089","WOW","Retail/Wholesale","Retail",2017-09-28,"Thursday",28,"September",2017,39,271,25.2,25.31,25.04,25.1,2029999,-0.1,"down",0.27,0.0107827,25.23
"18090","WOW","Retail/Wholesale","Retail",2017-09-29,"Friday",29,"September",2017,39,272,25.09,25.25,25.03,25.21,3200000,0.12,"up",0.22,0.00878945,25.1
"18091","WOW","Retail/Wholesale","Retail",2017-10-02,"Monday",2,"October",2017,40,275,25.25,25.32,25.13,25.16,1070000,-0.09,"down",0.19,0.00756068,25.21
"18092","WOW","Retail/Wholesale","Retail",2017-10-03,"Tuesday",3,"October",2017,40,276,25.11,25.15,24.9,25,2250000,-0.11,"down",0.25,0.0100402,25.16
"18093","WOW","Retail/Wholesale","Retail",2017-10-04,"Wednesday",4,"October",2017,40,277,24.85,24.95,24.45,24.54,3250000,-0.31,"down",0.5,0.0204499,25
"18094","WOW","Retail/Wholesale","Retail",2017-10-05,"Thursday",5,"October",2017,40,278,24.6,24.71,24.56,24.67,2320000,0.07,"up",0.15,0.00610749,24.54
"18095","WOW","Retail/Wholesale","Retail",2017-10-06,"Friday",6,"October",2017,40,279,24.69,24.89,24.61,24.86,2340000,0.17,"up",0.28,0.0113775,24.67
"18096","WOW","Retail/Wholesale","Retail",2017-10-09,"Monday",9,"October",2017,41,282,24.85,24.96,24.73,24.85,2080000,0,"up",0.23,0.00930044,24.86
"18097","WOW","Retail/Wholesale","Retail",2017-10-10,"Tuesday",10,"October",2017,41,283,24.73,24.85,24.67,24.71,1640000,-0.02,"down",0.18,0.00729631,24.85
"18098","WOW","Retail/Wholesale","Retail",2017-10-11,"Wednesday",11,"October",2017,41,284,24.7,24.89,24.7,24.88,3360000,0.18,"up",0.19,0.00769231,24.71
"18099","WOW","Retail/Wholesale","Retail",2017-10-12,"Thursday",12,"October",2017,41,285,24.79,24.92,24.61,24.92,3650000,0.13,"up",0.31,0.0125965,24.88
"18100","WOW","Retail/Wholesale","Retail",2017-10-13,"Friday",13,"October",2017,41,286,24.99,25.15,24.97,25.05,3300000,0.06,"up",0.18,0.00720865,24.92
"18101","WOW","Retail/Wholesale","Retail",2017-10-16,"Monday",16,"October",2017,42,289,25.15,25.33,25.1,25.27,2430000,0.12,"up",0.23,0.00916335,25.05
"18102","WOW","Retail/Wholesale","Retail",2017-10-17,"Tuesday",17,"October",2017,42,290,25.32,25.57,25.29,25.47,2240000,0.15,"up",0.28,0.0110716,25.27
"18103","WOW","Retail/Wholesale","Retail",2017-10-18,"Wednesday",18,"October",2017,42,291,25.43,25.64,25.42,25.52,1660000,0.09,"up",0.22,0.0086546,25.47
"18104","WOW","Retail/Wholesale","Retail",2017-10-19,"Thursday",19,"October",2017,42,292,25.65,25.715,25.455,25.61,2850000,-0.04,"down",0.26,0.0102141,25.52
"18105","WOW","Retail/Wholesale","Retail",2017-10-20,"Friday",20,"October",2017,42,293,25.46,25.8,25.46,25.63,1670000,0.17,"up",0.34,0.0133543,25.61
"18106","WOW","Retail/Wholesale","Retail",2017-10-23,"Monday",23,"October",2017,43,296,25.66,25.76,25.33,25.46,1670000,-0.2,"down",0.43,0.0169759,25.63
"18107","WOW","Retail/Wholesale","Retail",2017-10-24,"Tuesday",24,"October",2017,43,297,25.34,25.35,25.15,25.26,3050000,-0.08,"down",0.2,0.00795229,25.46
"18108","WOW","Retail/Wholesale","Retail",2017-10-25,"Wednesday",25,"October",2017,43,298,25.28,25.39,24.82,25.15,3200000,-0.13,"down",0.57,0.0229654,25.26
"18109","WOW","Retail/Wholesale","Retail",2017-10-26,"Thursday",26,"October",2017,43,299,25.31,25.31,25.05,25.16,3760000,-0.15,"down",0.26,0.0103792,25.15
"18110","WOW","Retail/Wholesale","Retail",2017-10-27,"Friday",27,"October",2017,43,300,25.26,25.28,24.91,25.1,2820000,-0.16,"down",0.37,0.0148535,25.16
"18111","WOW","Retail/Wholesale","Retail",2017-10-30,"Monday",30,"October",2017,44,303,25.12,25.38,25.04,25.3,2089999,0.18,"up",0.34,0.0135783,25.1
"18112","WOW","Retail/Wholesale","Retail",2017-10-31,"Tuesday",31,"October",2017,44,304,25.45,25.89,25.45,25.88,3340000,0.43,"up",0.44,0.0172888,25.3
"18113","WOW","Retail/Wholesale","Retail",2017-11-01,"Wednesday",1,"November",2017,44,305,26,26.38,26,26.3,3230000,0.3,"up",0.38,0.0146154,25.88
"18114","WOW","Retail/Wholesale","Retail",2017-11-02,"Thursday",2,"November",2017,44,306,26.47,26.47,25.9,26.03,2210000,-0.44,"down",0.57,0.0220077,26.3
"18115","WOW","Retail/Wholesale","Retail",2017-11-03,"Friday",3,"November",2017,44,307,26.01,26.19,25.96,26.06,1380000,0.05,"up",0.23,0.00885978,26.03
"18116","WOW","Retail/Wholesale","Retail",2017-11-06,"Monday",6,"November",2017,45,310,26.14,26.23,25.94,26.1,1780000,-0.04,"down",0.29,0.0111796,26.06
"18117","WOW","Retail/Wholesale","Retail",2017-11-07,"Tuesday",7,"November",2017,45,311,26.19,26.24,25.97,26.11,1820000,-0.08,"down",0.27,0.0103966,26.1
"18118","WOW","Retail/Wholesale","Retail",2017-11-08,"Wednesday",8,"November",2017,45,312,25.99,26.18,25.98,26.13,1490000,0.14,"up",0.2,0.00769823,26.11
"18119","WOW","Retail/Wholesale","Retail",2017-11-09,"Thursday",9,"November",2017,45,313,26.3,26.31,26.01,26.23,1680000,-0.07,"down",0.3,0.011534,26.13
"18120","WOW","Retail/Wholesale","Retail",2017-11-10,"Friday",10,"November",2017,45,314,26.17,26.24,26.04,26.24,1140000,0.07,"up",0.2,0.00768049,26.23
"18121","WOW","Retail/Wholesale","Retail",2017-11-13,"Monday",13,"November",2017,46,317,26.35,26.36,26.18,26.31,1780000,-0.04,"down",0.18,0.00687548,26.24
"18122","WOW","Retail/Wholesale","Retail",2017-11-14,"Tuesday",14,"November",2017,46,318,26.14,26.27,26.01,26.27,1210000,0.13,"up",0.26,0.00999616,26.31
"18123","WOW","Retail/Wholesale","Retail",2017-11-15,"Wednesday",15,"November",2017,46,319,26.15,26.21,26.01,26.11,2140000,-0.04,"down",0.2,0.00768935,26.27
"18124","WOW","Retail/Wholesale","Retail",2017-11-16,"Thursday",16,"November",2017,46,320,26.07,26.07,25.81,25.85,2620000,-0.22,"down",0.26,0.0100736,26.11
"18125","WOW","Retail/Wholesale","Retail",2017-11-17,"Friday",17,"November",2017,46,321,25.93,25.97,25.72,25.83,1450000,-0.1,"down",0.25,0.00972006,25.85
"18126","WOW","Retail/Wholesale","Retail",2017-11-20,"Monday",20,"November",2017,47,324,25.66,25.93,25.59,25.86,1370000,0.2,"up",0.34,0.0132864,25.83
"18127","WOW","Retail/Wholesale","Retail",2017-11-21,"Tuesday",21,"November",2017,47,325,25.94,25.98,25.735,25.91,1500000,-0.03,"down",0.245,0.00952011,25.86
"18128","WOW","Retail/Wholesale","Retail",2017-11-22,"Wednesday",22,"November",2017,47,326,26.02,26.18,25.98,26.1,2300000,0.08,"up",0.2,0.00769823,25.91
"18129","WOW","Retail/Wholesale","Retail",2017-11-23,"Thursday",23,"November",2017,47,327,26.2,26.27,25.99,26.2,1800000,0,"up",0.28,0.0107734,26.1
"18130","WOW","Retail/Wholesale","Retail",2017-11-24,"Friday",24,"November",2017,47,328,26.15,26.32,25.98,26.31,1850000,0.16,"up",0.34,0.013087,26.2
"18131","WOW","Retail/Wholesale","Retail",2017-11-27,"Monday",27,"November",2017,48,331,26.24,26.45,26.15,26.27,1720000,0.03,"up",0.3,0.0114723,26.31
"18132","WOW","Retail/Wholesale","Retail",2017-11-28,"Tuesday",28,"November",2017,48,332,26.27,26.85,26.25,26.77,3320000,0.5,"up",0.6,0.0228571,26.27
"18133","WOW","Retail/Wholesale","Retail",2017-11-29,"Wednesday",29,"November",2017,48,333,26.93,27.08,26.84,26.96,4290000,0.03,"up",0.24,0.00894188,26.77
"18134","WOW","Retail/Wholesale","Retail",2017-11-30,"Thursday",30,"November",2017,48,334,27,27.07,26.78,26.91,6680000,-0.09,"down",0.29,0.010829,26.96
"18135","WOW","Retail/Wholesale","Retail",2017-12-01,"Friday",1,"December",2017,48,335,26.89,26.94,26.5,26.87,1420000,-0.02,"down",0.44,0.0166038,26.91
"18136","WOW","Retail/Wholesale","Retail",2017-12-04,"Monday",4,"December",2017,49,338,26.93,26.96,26.79,26.85,1440000,-0.08,"down",0.17,0.00634565,26.87
"18137","WOW","Retail/Wholesale","Retail",2017-12-05,"Tuesday",5,"December",2017,49,339,26.55,26.895,26.53,26.82,2890000,0.27,"up",0.365,0.013758,26.85
"18138","WOW","Retail/Wholesale","Retail",2017-12-06,"Wednesday",6,"December",2017,49,340,26.67,27,26.64,26.85,1860000,0.18,"up",0.36,0.0135135,26.82
"18139","WOW","Retail/Wholesale","Retail",2017-12-07,"Thursday",7,"December",2017,49,341,26.86,27,26.85,26.87,1900000,0.01,"up",0.15,0.00558659,26.85
"18140","WOW","Retail/Wholesale","Retail",2017-12-08,"Friday",8,"December",2017,49,342,26.88,27.05,26.87,26.91,1950000,0.03,"up",0.18,0.00669892,26.87
"18141","WOW","Retail/Wholesale","Retail",2017-12-11,"Monday",11,"December",2017,50,345,26.91,26.96,26.84,26.93,1210000,0.02,"up",0.12,0.00447094,26.91
"18142","WOW","Retail/Wholesale","Retail",2017-12-12,"Tuesday",12,"December",2017,50,346,26.85,26.985,26.71,26.93,1580000,0.08,"up",0.275,0.0102958,26.93
"18143","WOW","Retail/Wholesale","Retail",2017-12-13,"Wednesday",13,"December",2017,50,347,26.99,27.05,26.83,27.05,1740000,0.06,"up",0.22,0.00819978,26.93
"18144","WOW","Retail/Wholesale","Retail",2017-12-14,"Thursday",14,"December",2017,50,348,27,27,26.66,26.88,2260000,-0.12,"down",0.34,0.0127532,27.05
"18145","WOW","Retail/Wholesale","Retail",2017-12-15,"Friday",15,"December",2017,50,349,26.81,27.15,26.81,27.07,3320000,0.26,"up",0.34,0.0126818,26.88
"18146","WOW","Retail/Wholesale","Retail",2017-12-18,"Monday",18,"December",2017,51,352,27.1,27.35,27.08,27.27,1870000,0.17,"up",0.27,0.00997046,27.07
"18147","WOW","Retail/Wholesale","Retail",2017-12-19,"Tuesday",19,"December",2017,51,353,27.3,27.42,27.23,27.35,2650000,0.05,"up",0.19,0.0069776,27.27
"18148","WOW","Retail/Wholesale","Retail",2017-12-20,"Wednesday",20,"December",2017,51,354,27.24,27.4,27.2,27.4,2500000,0.16,"up",0.2,0.00735294,27.35
"18149","WOW","Retail/Wholesale","Retail",2017-12-21,"Thursday",21,"December",2017,51,355,27.4,27.49,27.3,27.44,4190000,0.04,"up",0.19,0.00695971,27.4
"18150","WOW","Retail/Wholesale","Retail",2017-12-22,"Friday",22,"December",2017,51,356,27.36,27.39,27.22,27.35,5600000,-0.01,"down",0.17,0.00624541,27.44
"18151","WOW","Retail/Wholesale","Retail",2017-12-27,"Wednesday",27,"December",2017,52,361,27.35,27.545,27.25,27.33,957851,-0.02,"down",0.295,0.0108257,27.35
"18152","WOW","Retail/Wholesale","Retail",2017-12-28,"Thursday",28,"December",2017,52,362,27.41,27.525,27.34,27.5,756536,0.09,"up",0.185,0.00676664,27.33
"18153","WOW","Retail/Wholesale","Retail",2017-12-29,"Friday",29,"December",2017,52,363,27.42,27.42,27.255,27.3,1210000,-0.12,"down",0.165,0.00605394,27.5
"18154","WOW","Retail/Wholesale","Retail",2018-01-02,"Tuesday",2,"January",2018,0,2,27.18,27.39,27.05,27.31,1070000,0.13,"up",0.34,0.0125693,27.3
"18155","WOW","Retail/Wholesale","Retail",2018-01-03,"Wednesday",3,"January",2018,0,3,27.25,27.25,27.1,27.14,905620,-0.11,"down",0.15,0.00553506,27.31
"18156","WOW","Retail/Wholesale","Retail",2018-01-04,"Thursday",4,"January",2018,0,4,27.38,27.43,27.02,27.08,1660000,-0.3,"down",0.41,0.0151739,27.14
"18157","WOW","Retail/Wholesale","Retail",2018-01-05,"Friday",5,"January",2018,0,5,27.25,27.48,27.2,27.26,1920000,0.01,"up",0.28,0.0102941,27.08
"18158","WOW","Retail/Wholesale","Retail",2018-01-08,"Monday",8,"January",2018,1,8,27.26,27.34,27.105,27.21,1280000,-0.05,"down",0.235,0.00866999,27.26
"18159","WOW","Retail/Wholesale","Retail",2018-01-09,"Tuesday",9,"January",2018,1,9,27.27,27.42,27.23,27.27,2260000,0,"up",0.19,0.0069776,27.21
"18160","WOW","Retail/Wholesale","Retail",2018-01-10,"Wednesday",10,"January",2018,1,10,27.29,27.5,27.24,27.28,1410000,-0.01,"down",0.26,0.00954479,27.27
"18161","WOW","Retail/Wholesale","Retail",2018-01-11,"Thursday",11,"January",2018,1,11,27.27,27.4,27.16,27.4,2180000,0.13,"up",0.24,0.00883652,27.28
"18162","WOW","Retail/Wholesale","Retail",2018-01-12,"Friday",12,"January",2018,1,12,27.35,27.37,27.11,27.25,1830000,-0.1,"down",0.26,0.00959056,27.4
"18163","WOW","Retail/Wholesale","Retail",2018-01-15,"Monday",15,"January",2018,2,15,27.28,27.33,27.12,27.25,884419,-0.03,"down",0.21,0.00774336,27.25
"18164","WOW","Retail/Wholesale","Retail",2018-01-16,"Tuesday",16,"January",2018,2,16,27.1,27.2,26.94,27.02,4210000,-0.08,"down",0.26,0.00965108,27.25
"18165","WOW","Retail/Wholesale","Retail",2018-01-17,"Wednesday",17,"January",2018,2,17,26.92,27.26,26.9,27,2150000,0.08,"up",0.36,0.0133829,27.02
"18166","WOW","Retail/Wholesale","Retail",2018-01-18,"Thursday",18,"January",2018,2,18,26.98,27.05,26.86,26.95,1610000,-0.03,"down",0.19,0.00707372,27
"18167","WOW","Retail/Wholesale","Retail",2018-01-19,"Friday",19,"January",2018,2,19,27,27.22,26.97,27.06,1510000,0.06,"up",0.25,0.00926956,26.95
"18168","WOW","Retail/Wholesale","Retail",2018-01-22,"Monday",22,"January",2018,3,22,27.18,27.44,27.14,27.36,1930000,0.18,"up",0.3,0.0110538,27.06
"18169","WOW","Retail/Wholesale","Retail",2018-01-23,"Tuesday",23,"January",2018,3,23,27.36,27.495,27.15,27.26,1380000,-0.1,"down",0.345,0.0127072,27.36
"18170","WOW","Retail/Wholesale","Retail",2018-01-24,"Wednesday",24,"January",2018,3,24,27.35,27.4,27.17,27.19,1130000,-0.16,"down",0.23,0.00846522,27.26
"18171","WOW","Retail/Wholesale","Retail",2018-01-25,"Thursday",25,"January",2018,3,25,27.04,27.1,26.91,27.09,2940000,0.05,"up",0.19,0.00706057,27.19
"18172","WOW","Retail/Wholesale","Retail",2018-01-29,"Monday",29,"January",2018,4,29,27.19,27.37,26.97,26.98,1570000,-0.21,"down",0.4,0.0148313,27.09
"18173","WOW","Retail/Wholesale","Retail",2018-01-30,"Tuesday",30,"January",2018,4,30,26.85,27.1,26.78,26.97,1310000,0.12,"up",0.32,0.0119492,26.98
"18174","WOW","Retail/Wholesale","Retail",2018-01-31,"Wednesday",31,"January",2018,4,31,26.94,27.095,26.875,26.95,2500000,0.01,"up",0.22,0.00818605,26.97
"18175","WOW","Retail/Wholesale","Retail",2018-02-01,"Thursday",1,"February",2018,4,32,27.18,27.37,27.11,27.28,3280000,0.1,"up",0.26,0.00959056,26.95
"18176","WOW","Retail/Wholesale","Retail",2018-02-02,"Friday",2,"February",2018,4,33,27.38,27.75,27.28,27.7,2490000,0.32,"up",0.47,0.0172287,27.28
"18177","WOW","Retail/Wholesale","Retail",2018-02-05,"Monday",5,"February",2018,5,36,27.62,27.76,27.56,27.66,3340000,0.04,"up",0.2,0.00725689,27.7
"18178","WOW","Retail/Wholesale","Retail",2018-02-06,"Tuesday",6,"February",2018,5,37,26.87,27.29,26.65,26.84,6280000,-0.03,"down",0.64,0.024015,27.66
"18179","WOW","Retail/Wholesale","Retail",2018-02-07,"Wednesday",7,"February",2018,5,38,26.81,27.12,26.72,26.76,3370000,-0.05,"down",0.4,0.0149701,26.84
"18180","WOW","Retail/Wholesale","Retail",2018-02-08,"Thursday",8,"February",2018,5,39,26.53,27,26.53,26.92,2900000,0.39,"up",0.47,0.0177158,26.76
"18181","WOW","Retail/Wholesale","Retail",2018-02-09,"Friday",9,"February",2018,5,40,26.62,26.91,26.61,26.87,2390000,0.25,"up",0.3,0.011274,26.92
"18182","WOW","Retail/Wholesale","Retail",2018-02-12,"Monday",12,"February",2018,6,43,26.75,26.87,26.63,26.81,2080000,0.06,"up",0.24,0.00901239,26.87
"18183","WOW","Retail/Wholesale","Retail",2018-02-13,"Tuesday",13,"February",2018,6,44,26.81,26.95,26.64,26.92,1520000,0.11,"up",0.31,0.0116366,26.81
"18184","WOW","Retail/Wholesale","Retail",2018-02-14,"Wednesday",14,"February",2018,6,45,26.7,26.88,26.66,26.74,2900000,0.04,"up",0.22,0.00825206,26.92
"18185","WOW","Retail/Wholesale","Retail",2018-02-15,"Thursday",15,"February",2018,6,46,26.57,27.08,26.57,27.04,2029999,0.47,"up",0.51,0.0191946,26.74
"18186","WOW","Retail/Wholesale","Retail",2018-02-16,"Friday",16,"February",2018,6,47,27.1,27.22,26.96,27.05,1790000,-0.05,"down",0.26,0.00964392,27.04
"18187","WOW","Retail/Wholesale","Retail",2018-02-19,"Monday",19,"February",2018,7,50,27.08,27.43,27.07,27.31,2390000,0.23,"up",0.36,0.0132989,27.05
"18188","WOW","Retail/Wholesale","Retail",2018-02-20,"Tuesday",20,"February",2018,7,51,27.14,27.48,27.05,27.39,1830000,0.25,"up",0.43,0.0158965,27.31
"18189","WOW","Retail/Wholesale","Retail",2018-02-21,"Wednesday",21,"February",2018,7,52,27.38,27.78,27.33,27.56,4700000,0.18,"up",0.45,0.0164654,27.39
"18190","WOW","Retail/Wholesale","Retail",2018-02-22,"Thursday",22,"February",2018,7,53,27.79,27.92,27.61,27.64,3850000,-0.15,"down",0.31,0.0112278,27.56
"18191","WOW","Retail/Wholesale","Retail",2018-02-23,"Friday",23,"February",2018,7,54,27.7,27.75,26.74,26.92,9210000,-0.78,"down",1.01,0.0377711,27.64
"18192","WOW","Retail/Wholesale","Retail",2018-02-26,"Monday",26,"February",2018,8,57,27.28,27.57,27.16,27.48,8029999,0.2,"up",0.41,0.0150957,26.92
"18193","WOW","Retail/Wholesale","Retail",2018-02-27,"Tuesday",27,"February",2018,8,58,27.6,27.92,27.39,27.84,3990000,0.24,"up",0.53,0.0193501,27.48
"18194","WOW","Retail/Wholesale","Retail",2018-02-28,"Wednesday",28,"February",2018,8,59,27.84,27.97,27.48,27.61,7500000,-0.23,"down",0.49,0.0178311,27.84
"18195","WOW","Retail/Wholesale","Retail",2018-03-01,"Thursday",1,"March",2018,8,60,27.23,27.25,26.93,27.09,3550000,-0.14,"down",0.32,0.0118827,27.61
"18196","WOW","Retail/Wholesale","Retail",2018-03-02,"Friday",2,"March",2018,8,61,27,27.04,26.78,26.92,1630000,-0.08,"down",0.26,0.00970874,27.09
"18197","WOW","Retail/Wholesale","Retail",2018-03-05,"Monday",5,"March",2018,9,64,26.94,26.94,26.62,26.91,1340000,-0.03,"down",0.32,0.012021,26.92
"18198","WOW","Retail/Wholesale","Retail",2018-03-06,"Tuesday",6,"March",2018,9,65,27.08,27.18,26.86,27.09,2100000,0.01,"up",0.32,0.0119136,26.91
"18199","WOW","Retail/Wholesale","Retail",2018-03-07,"Wednesday",7,"March",2018,9,66,26.73,26.88,26.58,26.71,2170000,-0.02,"down",0.3,0.0112867,27.09
"18200","WOW","Retail/Wholesale","Retail",2018-03-08,"Thursday",8,"March",2018,9,67,26.9,26.94,26.7,26.81,1970000,-0.09,"down",0.24,0.00898876,26.71
"18201","WOW","Retail/Wholesale","Retail",2018-03-09,"Friday",9,"March",2018,9,68,26.7,27.025,26.69,26.9,1890000,0.2,"up",0.335,0.0125515,26.81
"18202","WOW","Retail/Wholesale","Retail",2018-03-12,"Monday",12,"March",2018,10,71,26.99,27,26.51,26.63,2500000,-0.36,"down",0.49,0.0184836,26.9
"18203","WOW","Retail/Wholesale","Retail",2018-03-13,"Tuesday",13,"March",2018,10,72,26.54,26.69,26.36,26.69,2060000,0.15,"up",0.33,0.012519,26.63
"18204","WOW","Retail/Wholesale","Retail",2018-03-14,"Wednesday",14,"March",2018,10,73,26.49,26.56,26.33,26.36,1660000,-0.13,"down",0.23,0.00873528,26.69
"18205","WOW","Retail/Wholesale","Retail",2018-03-15,"Thursday",15,"March",2018,10,74,26.25,26.5,26.25,26.45,3190000,0.2,"up",0.25,0.00952381,26.36
"18206","WOW","Retail/Wholesale","Retail",2018-03-16,"Friday",16,"March",2018,10,75,26.6,27.07,26.54,26.78,5890000,0.18,"up",0.53,0.0199699,26.45
"18207","WOW","Retail/Wholesale","Retail",2018-03-19,"Monday",19,"March",2018,11,78,26.92,26.95,26.53,26.75,1460000,-0.17,"down",0.42,0.0158311,26.78
"18208","WOW","Retail/Wholesale","Retail",2018-03-20,"Tuesday",20,"March",2018,11,79,26.75,27.025,26.67,27,3580000,0.25,"up",0.355,0.0133108,26.75
"18209","WOW","Retail/Wholesale","Retail",2018-03-21,"Wednesday",21,"March",2018,11,80,27.04,27.14,26.885,27.13,2080000,0.09,"up",0.255,0.00948484,27
"18210","WOW","Retail/Wholesale","Retail",2018-03-22,"Thursday",22,"March",2018,11,81,26.92,26.98,26.65,26.85,2410000,-0.07,"down",0.33,0.0123827,27.13
"18211","WOW","Retail/Wholesale","Retail",2018-03-23,"Friday",23,"March",2018,11,82,26.56,26.74,26.44,26.54,2140000,-0.02,"down",0.3,0.0113464,26.85
"18212","WOW","Retail/Wholesale","Retail",2018-03-26,"Monday",26,"March",2018,12,85,26.36,26.5,26.17,26.39,2750000,0.03,"up",0.33,0.0126099,26.54
"18213","WOW","Retail/Wholesale","Retail",2018-03-27,"Tuesday",27,"March",2018,12,86,26.41,26.565,26.28,26.56,2120000,0.15,"up",0.285,0.0108447,26.39
"18214","WOW","Retail/Wholesale","Retail",2018-03-28,"Wednesday",28,"March",2018,12,87,26.38,26.6,26.295,26.55,1540000,0.17,"up",0.305,0.0115992,26.56
"18215","WOW","Retail/Wholesale","Retail",2018-03-29,"Thursday",29,"March",2018,12,88,26.42,26.455,26.21,26.29,3250000,-0.13,"down",0.245,0.00934758,26.55
"18216","WOW","Retail/Wholesale","Retail",2018-04-03,"Tuesday",3,"April",2018,13,93,26.19,26.535,26.18,26.46,1860000,0.27,"up",0.355,0.01356,26.29
"18217","WOW","Retail/Wholesale","Retail",2018-04-04,"Wednesday",4,"April",2018,13,94,26.29,26.58,26.26,26.53,2270000,0.24,"up",0.32,0.0121858,26.46
"18218","WOW","Retail/Wholesale","Retail",2018-04-05,"Thursday",5,"April",2018,13,95,26.42,26.69,26.4,26.6,1290000,0.18,"up",0.29,0.0109848,26.53
"18219","WOW","Retail/Wholesale","Retail",2018-04-06,"Friday",6,"April",2018,13,96,26.48,26.74,26.39,26.63,1470000,0.15,"up",0.35,0.0132626,26.6
"18220","WOW","Retail/Wholesale","Retail",2018-04-09,"Monday",9,"April",2018,14,99,26.69,27.09,26.67,26.93,1950000,0.24,"up",0.42,0.015748,26.63
"18221","WOW","Retail/Wholesale","Retail",2018-04-10,"Tuesday",10,"April",2018,14,100,26.82,27.13,26.81,26.92,2120000,0.1,"up",0.32,0.0119358,26.93
"18222","WOW","Retail/Wholesale","Retail",2018-04-11,"Wednesday",11,"April",2018,14,101,26.67,26.795,26.67,26.78,2590000,0.11,"up",0.125,0.00468691,26.92
